DATE,DCOILWTICO
2010-01-01,
2010-01-04,81.52
2010-01-05,81.74
2010-01-06,83.12
2010-01-07,82.6
2010-01-08,82.74
2010-01-11,82.54
2010-01-12,80.79
2010-01-13,79.66
2010-01-14,79.35
2010-01-15,77.96
2010-01-18,
2010-01-19,78.98
2010-01-20,77.42
2010-01-21,75.84
2010-01-22,74.25
2010-01-25,74.9
2010-01-26,74.67
2010-01-27,73.64
2010-01-28,73.62
2010-01-29,72.85
2010-02-01,74.41
2010-02-02,77.21
2010-02-03,76.96
2010-02-04,73.13
2010-02-05,71.15
2010-02-08,71.87
2010-02-09,73.71
2010-02-10,74.48
2010-02-11,75.23
2010-02-12,74.11
2010-02-15,
2010-02-16,76.98
2010-02-17,77.27
2010-02-18,78.97
2010-02-19,79.77
2010-02-22,80.04
2010-02-23,78.61
2010-02-24,79.75
2010-02-25,77.99
2010-02-26,79.72
2010-03-01,78.71
2010-03-02,79.62
2010-03-03,80.91
2010-03-04,80.21
2010-03-05,81.5
2010-03-08,81.85
2010-03-09,81.5
2010-03-10,82.07
2010-03-11,82.1
2010-03-12,81.26
2010-03-15,79.79
2010-03-16,81.75
2010-03-17,82.93
2010-03-18,82.16
2010-03-19,80.58
2010-03-22,81.26
2010-03-23,81.68
2010-03-24,80.29
2010-03-25,80.25
2010-03-26,79.75
2010-03-29,81.92
2010-03-30,82.14
2010-03-31,83.45
2010-04-01,84.53
2010-04-02,
2010-04-05,86.36
2010-04-06,86.54
2010-04-07,85.64
2010-04-08,85.17
2010-04-09,84.6
2010-04-12,84.07
2010-04-13,83.8
2010-04-14,85.62
2010-04-15,85.25
2010-04-16,82.97
2010-04-19,81.52
2010-04-20,82.98
2010-04-21,82.78
2010-04-22,82.89
2010-04-23,84.34
2010-04-26,84.2
2010-04-27,82.43
2010-04-28,83.22
2010-04-29,85.17
2010-04-30,86.07
2010-05-03,86.19
2010-05-04,82.73
2010-05-05,80.0
2010-05-06,77.18
2010-05-07,75.1
2010-05-10,76.89
2010-05-11,76.37
2010-05-12,75.65
2010-05-13,74.38
2010-05-14,71.61
2010-05-17,70.08
2010-05-18,69.38
2010-05-19,69.91
2010-05-20,68.28
2010-05-21,68.03
2010-05-24,68.23
2010-05-25,64.78
2010-05-26,71.52
2010-05-27,74.56
2010-05-28,74.0
2010-05-31,
2010-06-01,72.7
2010-06-02,72.88
2010-06-03,74.62
2010-06-04,71.43
2010-06-07,71.55
2010-06-08,71.88
2010-06-09,74.38
2010-06-10,75.48
2010-06-11,73.89
2010-06-14,74.99
2010-06-15,76.84
2010-06-16,77.67
2010-06-17,76.82
2010-06-18,77.18
2010-06-21,77.84
2010-06-22,77.15
2010-06-23,75.9
2010-06-24,75.96
2010-06-25,78.45
2010-06-28,78.26
2010-06-29,75.93
2010-06-30,75.59
2010-07-01,72.95
2010-07-02,72.06
2010-07-05,
2010-07-06,71.96
2010-07-07,74.05
2010-07-08,75.46
2010-07-09,76.08
2010-07-12,74.93
2010-07-13,77.16
2010-07-14,77.02
2010-07-15,76.67
2010-07-16,75.96
2010-07-19,76.53
2010-07-20,77.32
2010-07-21,76.27
2010-07-22,79.01
2010-07-23,78.68
2010-07-26,78.93
2010-07-27,77.46
2010-07-28,77.06
2010-07-29,78.3
2010-07-30,78.85
2010-08-02,81.25
2010-08-03,82.52
2010-08-04,82.49
2010-08-05,82.0
2010-08-06,80.67
2010-08-09,81.46
2010-08-10,80.24
2010-08-11,78.09
2010-08-12,75.68
2010-08-13,75.39
2010-08-16,75.17
2010-08-17,75.76
2010-08-18,75.39
2010-08-19,74.45
2010-08-20,73.45
2010-08-23,72.71
2010-08-24,71.24
2010-08-25,72.07
2010-08-26,73.36
2010-08-27,75.17
2010-08-30,74.69
2010-08-31,71.93
2010-09-01,73.97
2010-09-02,74.99
2010-09-03,74.52
2010-09-06,
2010-09-07,73.98
2010-09-08,74.65
2010-09-09,74.25
2010-09-10,76.4
2010-09-13,77.17
2010-09-14,76.78
2010-09-15,75.92
2010-09-16,74.58
2010-09-17,73.63
2010-09-20,74.81
2010-09-21,72.96
2010-09-22,72.98
2010-09-23,73.4
2010-09-24,74.63
2010-09-27,76.51
2010-09-28,76.15
2010-09-29,77.85
2010-09-30,79.95
2010-10-01,81.57
2010-10-04,81.43
2010-10-05,82.83
2010-10-06,83.21
2010-10-07,81.34
2010-10-08,82.66
2010-10-11,82.18
2010-10-12,81.67
2010-10-13,83.03
2010-10-14,82.71
2010-10-15,81.23
2010-10-18,83.06
2010-10-19,79.57
2010-10-20,81.93
2010-10-21,80.03
2010-10-22,81.15
2010-10-25,82.0
2010-10-26,82.6
2010-10-27,81.9
2010-10-28,82.2
2010-10-29,81.45
2010-11-01,82.94
2010-11-02,83.91
2010-11-03,84.45
2010-11-04,86.49
2010-11-05,86.85
2010-11-08,87.07
2010-11-09,87.04
2010-11-10,87.77
2010-11-11,87.77
2010-11-12,84.89
2010-11-15,84.88
2010-11-16,82.33
2010-11-17,80.43
2010-11-18,81.88
2010-11-19,81.65
2010-11-22,81.24
2010-11-23,80.79
2010-11-24,83.21
2010-11-25,
2010-11-26,83.87
2010-11-29,85.73
2010-11-30,84.12
2010-12-01,86.75
2010-12-02,87.98
2010-12-03,89.18
2010-12-06,89.33
2010-12-07,88.69
2010-12-08,88.3
2010-12-09,88.35
2010-12-10,87.81
2010-12-13,88.62
2010-12-14,88.33
2010-12-15,88.66
2010-12-16,87.71
2010-12-17,88.02
2010-12-20,88.68
2010-12-21,89.3
2010-12-22,89.83
2010-12-23,90.84
2010-12-24,
2010-12-27,90.99
2010-12-28,91.48
2010-12-29,91.13
2010-12-30,89.85
2010-12-31,91.38
2011-01-03,91.59
2011-01-04,89.39
2011-01-05,90.3
2011-01-06,88.37
2011-01-07,88.07
2011-01-10,89.24
2011-01-11,91.11
2011-01-12,91.85
2011-01-13,91.39
2011-01-14,91.53
2011-01-17,
2011-01-18,91.38
2011-01-19,90.85
2011-01-20,88.56
2011-01-21,88.22
2011-01-24,86.74
2011-01-25,85.08
2011-01-26,86.15
2011-01-27,84.45
2011-01-28,88.15
2011-01-31,90.99
2011-02-01,89.54
2011-02-02,89.78
2011-02-03,89.42
2011-02-04,87.87
2011-02-07,86.3
2011-02-08,85.85
2011-02-09,85.59
2011-02-10,85.44
2011-02-11,84.39
2011-02-14,83.66
2011-02-15,83.13
2011-02-16,83.8
2011-02-17,85.05
2011-02-18,85.03
2011-02-21,
2011-02-22,92.65
2011-02-23,96.04
2011-02-24,95.83
2011-02-25,96.52
2011-02-28,97.1
2011-03-01,99.63
2011-03-02,102.27
2011-03-03,101.92
2011-03-04,104.34
2011-03-07,105.37
2011-03-08,105.06
2011-03-09,104.39
2011-03-10,102.73
2011-03-11,101.14
2011-03-14,101.2
2011-03-15,97.23
2011-03-16,97.99
2011-03-17,101.47
2011-03-18,101.06
2011-03-21,102.36
2011-03-22,104.53
2011-03-23,105.21
2011-03-24,105.04
2011-03-25,104.89
2011-03-28,103.54
2011-03-29,104.34
2011-03-30,103.8
2011-03-31,106.19
2011-04-01,107.55
2011-04-04,108.14
2011-04-05,107.82
2011-04-06,108.38
2011-04-07,109.82
2011-04-08,112.27
2011-04-11,109.5
2011-04-12,105.75
2011-04-13,106.6
2011-04-14,107.73
2011-04-15,109.17
2011-04-18,106.7
2011-04-19,107.18
2011-04-20,110.84
2011-04-21,111.72
2011-04-22,
2011-04-25,111.68
2011-04-26,111.72
2011-04-27,112.31
2011-04-28,112.38
2011-04-29,113.39
2011-05-02,113.03
2011-05-03,110.6
2011-05-04,108.79
2011-05-05,99.89
2011-05-06,96.87
2011-05-09,100.32
2011-05-10,103.39
2011-05-11,97.88
2011-05-12,98.53
2011-05-13,99.21
2011-05-16,96.91
2011-05-17,96.4
2011-05-18,99.52
2011-05-19,97.99
2011-05-20,99.15
2011-05-23,97.06
2011-05-24,99.13
2011-05-25,100.78
2011-05-26,100.18
2011-05-27,100.58
2011-05-30,
2011-05-31,102.7
2011-06-01,100.3
2011-06-02,100.41
2011-06-03,100.28
2011-06-06,99.07
2011-06-07,99.18
2011-06-08,100.77
2011-06-09,101.95
2011-06-10,99.3
2011-06-13,97.2
2011-06-14,99.37
2011-06-15,94.83
2011-06-16,94.95
2011-06-17,93.02
2011-06-20,93.23
2011-06-21,93.7
2011-06-22,94.96
2011-06-23,90.7
2011-06-24,90.89
2011-06-27,90.65
2011-06-28,92.9
2011-06-29,94.85
2011-06-30,95.3
2011-07-01,94.81
2011-07-04,
2011-07-05,96.92
2011-07-06,96.67
2011-07-07,98.7
2011-07-08,96.2
2011-07-11,95.16
2011-07-12,97.41
2011-07-13,98.04
2011-07-14,95.75
2011-07-15,97.24
2011-07-18,95.94
2011-07-19,97.49
2011-07-20,98.11
2011-07-21,98.96
2011-07-22,99.53
2011-07-25,98.97
2011-07-26,99.61
2011-07-27,97.4
2011-07-28,97.48
2011-07-29,95.68
2011-08-01,94.98
2011-08-02,93.78
2011-08-03,91.87
2011-08-04,86.75
2011-08-05,86.89
2011-08-08,81.27
2011-08-09,79.32
2011-08-10,83.05
2011-08-11,85.48
2011-08-12,85.19
2011-08-15,87.88
2011-08-16,86.65
2011-08-17,87.58
2011-08-18,82.38
2011-08-19,82.33
2011-08-22,84.42
2011-08-23,85.35
2011-08-24,84.99
2011-08-25,85.15
2011-08-26,85.37
2011-08-29,87.27
2011-08-30,88.9
2011-08-31,88.81
2011-09-01,88.93
2011-09-02,86.45
2011-09-05,
2011-09-06,85.99
2011-09-07,89.34
2011-09-08,89.05
2011-09-09,87.24
2011-09-12,88.19
2011-09-13,90.21
2011-09-14,88.91
2011-09-15,89.4
2011-09-16,87.96
2011-09-19,85.7
2011-09-20,86.92
2011-09-21,85.77
2011-09-22,80.29
2011-09-23,79.58
2011-09-26,79.97
2011-09-27,84.18
2011-09-28,80.94
2011-09-29,81.87
2011-09-30,78.93
2011-10-03,77.34
2011-10-04,75.4
2011-10-05,79.41
2011-10-06,82.32
2011-10-07,82.7
2011-10-10,85.14
2011-10-11,85.54
2011-10-12,85.3
2011-10-13,83.96
2011-10-14,86.8
2011-10-17,86.38
2011-10-18,88.34
2011-10-19,86.11
2011-10-20,86.07
2011-10-21,87.19
2011-10-24,91.12
2011-10-25,92.98
2011-10-26,90.2
2011-10-27,93.96
2011-10-28,93.32
2011-10-31,93.19
2011-11-01,92.19
2011-11-02,92.51
2011-11-03,94.07
2011-11-04,94.26
2011-11-07,95.52
2011-11-08,96.8
2011-11-09,95.74
2011-11-10,97.78
2011-11-11,98.99
2011-11-14,98.14
2011-11-15,99.37
2011-11-16,102.59
2011-11-17,98.82
2011-11-18,97.67
2011-11-21,96.73
2011-11-22,97.76
2011-11-23,96.16
2011-11-24,
2011-11-25,96.91
2011-11-28,98.21
2011-11-29,99.79
2011-11-30,100.36
2011-12-01,100.2
2011-12-02,100.97
2011-12-05,100.94
2011-12-06,101.25
2011-12-07,100.45
2011-12-08,98.35
2011-12-09,99.4
2011-12-12,97.77
2011-12-13,100.24
2011-12-14,94.92
2011-12-15,93.84
2011-12-16,93.55
2011-12-19,93.86
2011-12-20,97.16
2011-12-21,98.54
2011-12-22,99.42
2011-12-23,99.72
2011-12-26,
2011-12-27,101.29
2011-12-28,99.44
2011-12-29,99.68
2011-12-30,98.83
2012-01-02,
2012-01-03,102.96
2012-01-04,103.22
2012-01-05,101.81
2012-01-06,101.56
2012-01-09,101.31
2012-01-10,102.24
2012-01-11,100.89
2012-01-12,99.03
2012-01-13,98.69
2012-01-16,
2012-01-17,100.7
2012-01-18,100.61
2012-01-19,100.32
2012-01-20,98.15
2012-01-23,99.47
2012-01-24,98.84
2012-01-25,99.23
2012-01-26,99.76
2012-01-27,99.47
2012-01-30,98.75
2012-01-31,98.46
2012-02-01,97.63
2012-02-02,96.36
2012-02-03,97.8
2012-02-06,96.89
2012-02-07,98.55
2012-02-08,98.8
2012-02-09,99.88
2012-02-10,98.68
2012-02-13,100.39
2012-02-14,100.82
2012-02-15,101.82
2012-02-16,102.33
2012-02-17,103.27
2012-02-20,
2012-02-21,105.88
2012-02-22,105.99
2012-02-23,107.44
2012-02-24,109.39
2012-02-27,108.49
2012-02-28,106.59
2012-02-29,107.08
2012-03-01,108.76
2012-03-02,106.68
2012-03-05,106.7
2012-03-06,104.71
2012-03-07,106.16
2012-03-08,106.65
2012-03-09,107.4
2012-03-12,106.34
2012-03-13,106.7
2012-03-14,105.49
2012-03-15,105.19
2012-03-16,107.03
2012-03-19,108.09
2012-03-20,105.68
2012-03-21,106.87
2012-03-22,104.98
2012-03-23,106.43
2012-03-26,107.07
2012-03-27,107.32
2012-03-28,105.4
2012-03-29,102.79
2012-03-30,103.03
2012-04-02,105.25
2012-04-03,104.02
2012-04-04,101.53
2012-04-05,103.29
2012-04-06,
2012-04-09,102.45
2012-04-10,101.12
2012-04-11,102.66
2012-04-12,103.69
2012-04-13,102.84
2012-04-16,102.92
2012-04-17,104.23
2012-04-18,102.65
2012-04-19,102.38
2012-04-20,103.58
2012-04-23,102.68
2012-04-24,103.1
2012-04-25,103.72
2012-04-26,104.56
2012-04-27,104.86
2012-04-30,104.89
2012-05-01,106.17
2012-05-02,105.25
2012-05-03,102.56
2012-05-04,98.49
2012-05-07,97.86
2012-05-08,97.13
2012-05-09,96.8
2012-05-10,97.1
2012-05-11,96.03
2012-05-14,94.75
2012-05-15,93.97
2012-05-16,92.78
2012-05-17,92.53
2012-05-18,91.51
2012-05-21,92.57
2012-05-22,91.44
2012-05-23,89.4
2012-05-24,90.36
2012-05-25,90.64
2012-05-28,
2012-05-29,90.75
2012-05-30,87.79
2012-05-31,86.52
2012-06-01,83.17
2012-06-04,83.95
2012-06-05,84.31
2012-06-06,85.05
2012-06-07,84.78
2012-06-08,84.08
2012-06-11,82.58
2012-06-12,83.35
2012-06-13,82.56
2012-06-14,83.83
2012-06-15,84.03
2012-06-18,83.26
2012-06-19,83.99
2012-06-20,81.06
2012-06-21,77.91
2012-06-22,79.33
2012-06-25,78.76
2012-06-26,79.34
2012-06-27,80.27
2012-06-28,77.72
2012-06-29,85.04
2012-07-02,83.72
2012-07-03,87.74
2012-07-04,
2012-07-05,87.11
2012-07-06,84.37
2012-07-09,85.93
2012-07-10,83.92
2012-07-11,85.88
2012-07-12,86.02
2012-07-13,87.15
2012-07-16,88.41
2012-07-17,89.07
2012-07-18,89.88
2012-07-19,92.78
2012-07-20,91.56
2012-07-23,87.77
2012-07-24,88.28
2012-07-25,88.8
2012-07-26,89.4
2012-07-27,90.13
2012-07-30,89.8
2012-07-31,88.08
2012-08-01,88.99
2012-08-02,87.22
2012-08-03,91.4
2012-08-06,92.3
2012-08-07,93.68
2012-08-08,93.39
2012-08-09,93.39
2012-08-10,92.94
2012-08-13,92.76
2012-08-14,93.4
2012-08-15,94.35
2012-08-16,95.66
2012-08-17,96.0
2012-08-20,96.03
2012-08-21,96.55
2012-08-22,96.89
2012-08-23,95.87
2012-08-24,95.78
2012-08-27,95.54
2012-08-28,96.3
2012-08-29,95.5
2012-08-30,94.61
2012-08-31,96.47
2012-09-03,
2012-09-04,95.34
2012-09-05,95.37
2012-09-06,95.58
2012-09-07,96.41
2012-09-10,96.52
2012-09-11,97.03
2012-09-12,97.02
2012-09-13,98.3
2012-09-14,98.94
2012-09-17,96.51
2012-09-18,95.25
2012-09-19,91.97
2012-09-20,92.14
2012-09-21,92.64
2012-09-24,91.68
2012-09-25,91.07
2012-09-26,89.92
2012-09-27,91.89
2012-09-28,92.18
2012-10-01,92.44
2012-10-02,91.88
2012-10-03,88.19
2012-10-04,91.69
2012-10-05,89.87
2012-10-08,89.43
2012-10-09,92.42
2012-10-10,91.24
2012-10-11,92.19
2012-10-12,91.83
2012-10-15,91.84
2012-10-16,92.07
2012-10-17,92.04
2012-10-18,92.0
2012-10-19,90.0
2012-10-22,88.3
2012-10-23,86.65
2012-10-24,85.39
2012-10-25,85.59
2012-10-26,85.84
2012-10-29,85.52
2012-10-30,85.65
2012-10-31,86.23
2012-11-01,87.05
2012-11-02,84.9
2012-11-05,85.64
2012-11-06,88.62
2012-11-07,84.5
2012-11-08,85.07
2012-11-09,86.08
2012-11-12,85.56
2012-11-13,85.38
2012-11-14,86.32
2012-11-15,85.45
2012-11-16,86.62
2012-11-19,89.05
2012-11-20,86.46
2012-11-21,87.08
2012-11-22,
2012-11-23,87.01
2012-11-26,87.28
2012-11-27,86.81
2012-11-28,86.1
2012-11-29,87.64
2012-11-30,88.54
2012-12-03,88.69
2012-12-04,88.04
2012-12-05,87.36
2012-12-06,85.47
2012-12-07,85.45
2012-12-10,85.14
2012-12-11,85.36
2012-12-12,86.35
2012-12-13,85.39
2012-12-14,86.32
2012-12-17,86.71
2012-12-18,87.46
2012-12-19,89.09
2012-12-20,89.76
2012-12-21,88.2
2012-12-24,88.29
2012-12-25,
2012-12-26,90.71
2012-12-27,90.91
2012-12-28,90.66
2012-12-31,91.83
2013-01-01,
2013-01-02,93.14
2013-01-03,92.97
2013-01-04,93.12
2013-01-07,93.2
2013-01-08,93.21
2013-01-09,93.08
2013-01-10,93.81
2013-01-11,93.6
2013-01-14,94.27
2013-01-15,93.26
2013-01-16,94.28
2013-01-17,95.49
2013-01-18,95.61
2013-01-21,
2013-01-22,96.09
2013-01-23,95.06
2013-01-24,95.35
2013-01-25,95.15
2013-01-28,95.95
2013-01-29,97.62
2013-01-30,97.98
2013-01-31,97.65
2013-02-01,97.46
2013-02-04,96.21
2013-02-05,96.68
2013-02-06,96.44
2013-02-07,95.84
2013-02-08,95.71
2013-02-11,97.01
2013-02-12,97.48
2013-02-13,97.03
2013-02-14,97.3
2013-02-15,95.95
2013-02-18,
2013-02-19,96.69
2013-02-20,94.92
2013-02-21,92.79
2013-02-22,93.12
2013-02-25,92.74
2013-02-26,92.63
2013-02-27,92.84
2013-02-28,92.03
2013-03-01,90.71
2013-03-04,90.13
2013-03-05,90.88
2013-03-06,90.47
2013-03-07,91.53
2013-03-08,92.01
2013-03-11,92.07
2013-03-12,92.44
2013-03-13,92.47
2013-03-14,93.03
2013-03-15,93.49
2013-03-18,93.71
2013-03-19,92.44
2013-03-20,93.21
2013-03-21,92.46
2013-03-22,93.41
2013-03-25,94.55
2013-03-26,95.99
2013-03-27,96.53
2013-03-28,97.24
2013-03-29,
2013-04-01,97.1
2013-04-02,97.23
2013-04-03,95.02
2013-04-04,93.26
2013-04-05,92.76
2013-04-08,93.36
2013-04-09,94.18
2013-04-10,94.59
2013-04-11,93.44
2013-04-12,91.23
2013-04-15,88.75
2013-04-16,88.73
2013-04-17,86.65
2013-04-18,87.83
2013-04-19,88.04
2013-04-22,88.81
2013-04-23,89.21
2013-04-24,91.07
2013-04-25,93.27
2013-04-26,92.63
2013-04-29,94.09
2013-04-30,93.22
2013-05-01,90.74
2013-05-02,93.7
2013-05-03,95.25
2013-05-06,95.8
2013-05-07,95.28
2013-05-08,96.24
2013-05-09,96.09
2013-05-10,95.81
2013-05-13,94.76
2013-05-14,93.96
2013-05-15,93.95
2013-05-16,94.85
2013-05-17,95.72
2013-05-20,96.29
2013-05-21,95.55
2013-05-22,93.98
2013-05-23,94.12
2013-05-24,93.84
2013-05-27,
2013-05-28,94.65
2013-05-29,93.13
2013-05-30,93.57
2013-05-31,91.93
2013-06-03,93.41
2013-06-04,93.36
2013-06-05,93.66
2013-06-06,94.71
2013-06-07,96.11
2013-06-10,95.82
2013-06-11,95.5
2013-06-12,95.98
2013-06-13,96.66
2013-06-14,97.83
2013-06-17,97.86
2013-06-18,98.46
2013-06-19,98.24
2013-06-20,94.89
2013-06-21,93.81
2013-06-24,95.07
2013-06-25,95.25
2013-06-26,95.47
2013-06-27,97.0
2013-06-28,96.36
2013-07-01,97.94
2013-07-02,99.65
2013-07-03,101.92
2013-07-04,
2013-07-05,103.09
2013-07-08,103.03
2013-07-09,103.46
2013-07-10,106.41
2013-07-11,104.77
2013-07-12,105.85
2013-07-15,106.2
2013-07-16,105.88
2013-07-17,106.39
2013-07-18,107.94
2013-07-19,108.0
2013-07-22,106.61
2013-07-23,107.13
2013-07-24,105.41
2013-07-25,105.47
2013-07-26,104.76
2013-07-29,104.61
2013-07-30,103.14
2013-07-31,105.1
2013-08-01,107.93
2013-08-02,106.94
2013-08-05,106.61
2013-08-06,105.32
2013-08-07,104.41
2013-08-08,103.45
2013-08-09,106.04
2013-08-12,106.19
2013-08-13,106.78
2013-08-14,106.89
2013-08-15,107.43
2013-08-16,107.58
2013-08-19,107.14
2013-08-20,104.9
2013-08-21,103.93
2013-08-22,104.93
2013-08-23,106.48
2013-08-26,105.88
2013-08-27,109.11
2013-08-28,110.17
2013-08-29,108.51
2013-08-30,107.98
2013-09-02,
2013-09-03,108.67
2013-09-04,107.29
2013-09-05,108.5
2013-09-06,110.62
2013-09-09,109.62
2013-09-10,107.48
2013-09-11,107.65
2013-09-12,108.72
2013-09-13,108.31
2013-09-16,106.54
2013-09-17,105.36
2013-09-18,108.23
2013-09-19,106.26
2013-09-20,104.7
2013-09-23,103.62
2013-09-24,103.22
2013-09-25,102.68
2013-09-26,103.1
2013-09-27,102.86
2013-09-30,102.36
2013-10-01,102.09
2013-10-02,104.15
2013-10-03,103.29
2013-10-04,103.83
2013-10-07,103.07
2013-10-08,103.54
2013-10-09,101.63
2013-10-10,103.08
2013-10-11,102.17
2013-10-14,102.46
2013-10-15,101.15
2013-10-16,102.34
2013-10-17,100.72
2013-10-18,100.87
2013-10-21,99.28
2013-10-22,97.63
2013-10-23,96.9
2013-10-24,96.65
2013-10-25,97.4
2013-10-28,98.74
2013-10-29,98.29
2013-10-30,96.81
2013-10-31,96.29
2013-11-01,94.56
2013-11-04,94.58
2013-11-05,93.4
2013-11-06,94.74
2013-11-07,94.25
2013-11-08,94.56
2013-11-11,95.13
2013-11-12,93.12
2013-11-13,93.91
2013-11-14,93.76
2013-11-15,93.8
2013-11-18,93.03
2013-11-19,93.35
2013-11-20,93.34
2013-11-21,95.35
2013-11-22,94.53
2013-11-25,93.86
2013-11-26,93.41
2013-11-27,92.05
2013-11-28,
2013-11-29,92.55
2013-12-02,93.61
2013-12-03,95.83
2013-12-04,96.97
2013-12-05,97.14
2013-12-06,97.48
2013-12-09,97.1
2013-12-10,98.32
2013-12-11,97.25
2013-12-12,97.21
2013-12-13,96.27
2013-12-16,97.18
2013-12-17,96.99
2013-12-18,97.59
2013-12-19,98.4
2013-12-20,99.11
2013-12-23,98.62
2013-12-24,98.87
2013-12-25,
2013-12-26,99.18
2013-12-27,99.94
2013-12-30,98.9
2013-12-31,98.17
2014-01-01,
2014-01-02,95.14
2014-01-03,93.66
2014-01-06,93.12
2014-01-07,93.31
2014-01-08,91.9
2014-01-09,91.36
2014-01-10,92.39
2014-01-13,91.45
2014-01-14,92.15
2014-01-15,93.78
2014-01-16,93.54
2014-01-17,93.96
2014-01-20,
2014-01-21,94.51
2014-01-22,96.35
2014-01-23,97.23
2014-01-24,96.66
2014-01-27,95.82
2014-01-28,97.49
2014-01-29,97.34
2014-01-30,98.25
2014-01-31,97.55
2014-02-03,96.44
2014-02-04,97.24
2014-02-05,97.4
2014-02-06,97.84
2014-02-07,99.98
2014-02-10,100.12
2014-02-11,99.96
2014-02-12,100.38
2014-02-13,100.27
2014-02-14,100.31
2014-02-17,
2014-02-18,102.54
2014-02-19,103.46
2014-02-20,103.2
2014-02-21,102.53
2014-02-24,103.17
2014-02-25,102.2
2014-02-26,102.93
2014-02-27,102.68
2014-02-28,102.88
2014-03-03,105.34
2014-03-04,103.64
2014-03-05,101.75
2014-03-06,101.82
2014-03-07,102.82
2014-03-10,101.39
2014-03-11,100.29
2014-03-12,98.29
2014-03-13,98.57
2014-03-14,99.23
2014-03-17,98.43
2014-03-18,100.08
2014-03-19,100.71
2014-03-20,99.68
2014-03-21,99.97
2014-03-24,100.05
2014-03-25,99.66
2014-03-26,100.61
2014-03-27,101.25
2014-03-28,101.73
2014-03-31,101.57
2014-04-01,99.69
2014-04-02,99.6
2014-04-03,100.29
2014-04-04,101.16
2014-04-07,100.43
2014-04-08,102.57
2014-04-09,103.55
2014-04-10,103.37
2014-04-11,103.68
2014-04-14,104.05
2014-04-15,103.7
2014-04-16,103.71
2014-04-17,104.33
2014-04-18,
2014-04-21,104.35
2014-04-22,101.69
2014-04-23,101.47
2014-04-24,102.2
2014-04-25,100.85
2014-04-28,101.13
2014-04-29,101.56
2014-04-30,100.07
2014-05-01,99.69
2014-05-02,100.09
2014-05-05,99.74
2014-05-06,99.81
2014-05-07,101.06
2014-05-08,100.52
2014-05-09,100.32
2014-05-12,100.89
2014-05-13,102.01
2014-05-14,102.63
2014-05-15,101.74
2014-05-16,102.31
2014-05-19,102.95
2014-05-20,102.8
2014-05-21,104.31
2014-05-22,104.03
2014-05-23,105.01
2014-05-26,
2014-05-27,104.78
2014-05-28,103.37
2014-05-29,104.26
2014-05-30,103.4
2014-06-02,103.07
2014-06-03,103.34
2014-06-04,103.27
2014-06-05,103.17
2014-06-06,103.32
2014-06-09,105.09
2014-06-10,105.02
2014-06-11,105.04
2014-06-12,107.2
2014-06-13,107.49
2014-06-16,107.52
2014-06-17,106.95
2014-06-18,106.64
2014-06-19,107.08
2014-06-20,107.95
2014-06-23,106.83
2014-06-24,106.64
2014-06-25,107.04
2014-06-26,106.49
2014-06-27,106.46
2014-06-30,106.07
2014-07-01,106.06
2014-07-02,105.18
2014-07-03,104.76
2014-07-04,
2014-07-07,104.19
2014-07-08,104.06
2014-07-09,102.93
2014-07-10,103.61
2014-07-11,101.48
2014-07-14,101.73
2014-07-15,100.56
2014-07-16,101.88
2014-07-17,103.84
2014-07-18,103.83
2014-07-21,105.34
2014-07-22,104.59
2014-07-23,103.81
2014-07-24,102.76
2014-07-25,105.23
2014-07-28,105.68
2014-07-29,104.91
2014-07-30,104.29
2014-07-31,98.23
2014-08-01,97.86
2014-08-04,98.26
2014-08-05,97.34
2014-08-06,96.93
2014-08-07,97.34
2014-08-08,97.61
2014-08-11,98.09
2014-08-12,97.36
2014-08-13,97.57
2014-08-14,95.54
2014-08-15,97.3
2014-08-18,96.44
2014-08-19,94.35
2014-08-20,96.4
2014-08-21,93.97
2014-08-22,93.61
2014-08-25,95.39
2014-08-26,95.78
2014-08-27,95.82
2014-08-28,96.44
2014-08-29,97.86
2014-09-01,
2014-09-02,92.92
2014-09-03,95.5
2014-09-04,94.51
2014-09-05,93.32
2014-09-08,92.64
2014-09-09,92.73
2014-09-10,91.71
2014-09-11,92.89
2014-09-12,92.18
2014-09-15,92.86
2014-09-16,94.91
2014-09-17,94.33
2014-09-18,93.07
2014-09-19,92.43
2014-09-22,91.46
2014-09-23,91.55
2014-09-24,93.6
2014-09-25,93.59
2014-09-26,95.55
2014-09-29,94.53
2014-09-30,91.17
2014-10-01,90.74
2014-10-02,91.02
2014-10-03,89.76
2014-10-06,90.33
2014-10-07,88.89
2014-10-08,87.29
2014-10-09,85.76
2014-10-10,85.87
2014-10-13,85.73
2014-10-14,81.72
2014-10-15,81.82
2014-10-16,82.33
2014-10-17,82.8
2014-10-20,82.76
2014-10-21,83.25
2014-10-22,80.52
2014-10-23,82.81
2014-10-24,81.27
2014-10-27,81.26
2014-10-28,81.36
2014-10-29,82.25
2014-10-30,81.06
2014-10-31,80.53
2014-11-03,78.77
2014-11-04,77.15
2014-11-05,78.71
2014-11-06,77.87
2014-11-07,78.71
2014-11-10,77.43
2014-11-11,77.85
2014-11-12,77.16
2014-11-13,74.13
2014-11-14,75.91
2014-11-17,75.64
2014-11-18,74.55
2014-11-19,74.55
2014-11-20,75.63
2014-11-21,76.52
2014-11-24,75.74
2014-11-25,74.04
2014-11-26,73.7
2014-11-27,
2014-11-28,65.94
2014-12-01,68.98
2014-12-02,66.99
2014-12-03,67.3
2014-12-04,66.73
2014-12-05,65.89
2014-12-08,63.13
2014-12-09,63.74
2014-12-10,60.99
2014-12-11,60.01
2014-12-12,57.81
2014-12-15,55.96
2014-12-16,55.97
2014-12-17,56.43
2014-12-18,54.18
2014-12-19,56.91
2014-12-22,55.25
2014-12-23,56.78
2014-12-24,55.7
2014-12-25,
2014-12-26,54.59
2014-12-29,53.46
2014-12-30,54.14
2014-12-31,53.45
2015-01-01,
2015-01-02,52.72
2015-01-05,50.05
2015-01-06,47.98
2015-01-07,48.69
2015-01-08,48.8
2015-01-09,48.35
2015-01-12,46.06
2015-01-13,45.92
2015-01-14,48.49
2015-01-15,46.37
2015-01-16,48.49
2015-01-19,
2015-01-20,46.79
2015-01-21,47.85
2015-01-22,45.93
2015-01-23,45.26
2015-01-26,44.8
2015-01-27,45.84
2015-01-28,44.08
2015-01-29,44.12
2015-01-30,47.79
2015-02-02,49.25
2015-02-03,53.04
2015-02-04,48.45
2015-02-05,50.48
2015-02-06,51.66
2015-02-09,52.99
2015-02-10,50.06
2015-02-11,48.8
2015-02-12,51.17
2015-02-13,52.66
2015-02-16,
2015-02-17,53.56
2015-02-18,52.13
2015-02-19,51.12
2015-02-20,49.95
2015-02-23,49.56
2015-02-24,48.48
2015-02-25,50.25
2015-02-26,47.65
2015-02-27,49.84
2015-03-02,49.59
2015-03-03,50.43
2015-03-04,51.53
2015-03-05,50.76
2015-03-06,49.61
2015-03-09,49.95
2015-03-10,48.42
2015-03-11,48.06
2015-03-12,47.12
2015-03-13,44.88
2015-03-16,43.93
2015-03-17,43.39
2015-03-18,44.63
2015-03-19,44.02
2015-03-20,46.0
2015-03-23,47.4
2015-03-24,47.03
2015-03-25,48.75
2015-03-26,51.41
2015-03-27,48.83
2015-03-30,48.66
2015-03-31,47.72
2015-04-01,50.12
2015-04-02,49.13
2015-04-03,
2015-04-06,52.08
2015-04-07,53.95
2015-04-08,50.44
2015-04-09,50.79
2015-04-10,51.63
2015-04-13,51.95
2015-04-14,53.3
2015-04-15,56.25
2015-04-16,56.69
2015-04-17,55.71
2015-04-20,56.37
2015-04-21,55.58
2015-04-22,56.17
2015-04-23,56.59
2015-04-24,55.98
2015-04-27,55.56
2015-04-28,57.05
2015-04-29,58.55
2015-04-30,59.62
2015-05-01,59.1
2015-05-04,58.92
2015-05-05,60.38
2015-05-06,60.93
2015-05-07,58.99
2015-05-08,59.41
2015-05-11,59.23
2015-05-12,60.72
2015-05-13,60.5
2015-05-14,59.89
2015-05-15,59.73
2015-05-18,59.44
2015-05-19,57.3
2015-05-20,58.96
2015-05-21,60.18
2015-05-22,58.88
2015-05-25,
2015-05-26,57.29
2015-05-27,57.51
2015-05-28,57.69
2015-05-29,60.25
2015-06-01,60.24
2015-06-02,61.3
2015-06-03,59.67
2015-06-04,58.0
2015-06-05,59.11
2015-06-08,58.15
2015-06-09,60.15
2015-06-10,61.36
2015-06-11,60.74
2015-06-12,59.96
2015-06-15,59.53
2015-06-16,60.01
2015-06-17,59.89
2015-06-18,60.41
2015-06-19,59.62
2015-06-22,60.01
2015-06-23,61.05
2015-06-24,60.01
2015-06-25,59.59
2015-06-26,59.41
2015-06-29,58.34
2015-06-30,59.48
2015-07-01,56.94
2015-07-02,56.93
2015-07-03,
2015-07-06,52.48
2015-07-07,52.33
2015-07-08,51.61
2015-07-09,52.76
2015-07-10,52.74
2015-07-13,52.19
2015-07-14,53.05
2015-07-15,51.4
2015-07-16,50.9
2015-07-17,50.88
2015-07-20,50.11
2015-07-21,50.59
2015-07-22,49.27
2015-07-23,48.11
2015-07-24,47.98
2015-07-27,47.17
2015-07-28,47.97
2015-07-29,48.77
2015-07-30,48.53
2015-07-31,47.11
2015-08-03,45.25
2015-08-04,45.75
2015-08-05,45.13
2015-08-06,44.69
2015-08-07,43.87
2015-08-10,44.94
2015-08-11,43.11
2015-08-12,43.22
2015-08-13,42.27
2015-08-14,42.45
2015-08-17,41.93
2015-08-18,42.58
2015-08-19,40.75
2015-08-20,41.0
2015-08-21,40.45
2015-08-24,38.22
2015-08-25,39.15
2015-08-26,38.5
2015-08-27,42.47
2015-08-28,45.29
2015-08-31,49.2
2015-09-01,45.38
2015-09-02,46.3
2015-09-03,46.75
2015-09-04,46.02
2015-09-07,
2015-09-08,45.92
2015-09-09,44.13
2015-09-10,45.85
2015-09-11,44.75
2015-09-14,44.07
2015-09-15,44.58
2015-09-16,47.12
2015-09-17,46.93
2015-09-18,44.71
2015-09-21,46.67
2015-09-22,46.17
2015-09-23,44.53
2015-09-24,44.94
2015-09-25,45.55
2015-09-28,44.4
2015-09-29,45.24
2015-09-30,45.06
2015-10-01,44.75
2015-10-02,45.54
2015-10-05,46.28
2015-10-06,48.53
2015-10-07,47.86
2015-10-08,49.46
2015-10-09,49.67
2015-10-12,47.09
2015-10-13,46.7
2015-10-14,46.63
2015-10-15,46.38
2015-10-16,47.3
2015-10-19,45.91
2015-10-20,45.84
2015-10-21,45.22
2015-10-22,44.9
2015-10-23,43.91
2015-10-26,43.19
2015-10-27,43.21
2015-10-28,45.93
2015-10-29,46.02
2015-10-30,46.6
2015-11-02,46.12
2015-11-03,47.88
2015-11-04,46.32
2015-11-05,45.27
2015-11-06,44.32
2015-11-09,43.87
2015-11-10,44.23
2015-11-11,42.95
2015-11-12,41.74
2015-11-13,40.69
2015-11-16,41.68
2015-11-17,40.73
2015-11-18,40.75
2015-11-19,40.55
2015-11-20,39.39
2015-11-23,39.27
2015-11-24,40.89
2015-11-25,41.22
2015-11-26,
2015-11-27,40.57
2015-11-30,40.43
2015-12-01,40.58
2015-12-02,39.93
2015-12-03,41.08
2015-12-04,40.0
2015-12-07,37.64
2015-12-08,37.46
2015-12-09,37.16
2015-12-10,36.76
2015-12-11,35.65
2015-12-14,36.31
2015-12-15,37.32
2015-12-16,35.55
2015-12-17,34.98
2015-12-18,34.72
2015-12-21,34.55
2015-12-22,36.12
2015-12-23,36.76
2015-12-24,37.62
2015-12-25,
2015-12-28,36.36
2015-12-29,37.88
2015-12-30,36.59
2015-12-31,37.13
2016-01-01,
2016-01-04,36.81
2016-01-05,35.97
2016-01-06,33.97
2016-01-07,33.29
2016-01-08,33.2
2016-01-11,31.42
2016-01-12,30.42
2016-01-13,30.42
2016-01-14,31.22
2016-01-15,29.45
2016-01-18,
2016-01-19,28.47
2016-01-20,26.68
2016-01-21,29.55
2016-01-22,32.07
2016-01-25,30.31
2016-01-26,29.54
2016-01-27,32.32
2016-01-28,33.21
2016-01-29,33.66
2016-02-01,31.62
2016-02-02,29.9
2016-02-03,32.29
2016-02-04,31.63
2016-02-05,30.86
2016-02-08,29.71
2016-02-09,27.96
2016-02-10,27.54
2016-02-11,26.19
2016-02-12,29.32
2016-02-15,
2016-02-16,29.05
2016-02-17,30.68
2016-02-18,30.77
2016-02-19,29.59
2016-02-22,31.37
2016-02-23,31.84
2016-02-24,30.35
2016-02-25,31.4
2016-02-26,31.65
2016-02-29,32.74
2016-03-01,34.39
2016-03-02,34.57
2016-03-03,34.56
2016-03-04,35.91
2016-03-07,37.9
2016-03-08,36.67
2016-03-09,37.62
2016-03-10,37.77
2016-03-11,38.51
2016-03-14,37.2
2016-03-15,36.32
2016-03-16,38.43
2016-03-17,40.17
2016-03-18,39.47
2016-03-21,39.91
2016-03-22,41.45
2016-03-23,38.28
2016-03-24,38.14
2016-03-25,
2016-03-28,37.99
2016-03-29,36.91
2016-03-30,36.91
2016-03-31,36.94
2016-04-01,35.36
2016-04-04,34.3
2016-04-05,34.52
2016-04-06,37.74
2016-04-07,37.3
2016-04-08,39.74
2016-04-11,40.46
2016-04-12,42.12
2016-04-13,41.7
2016-04-14,41.45
2016-04-15,40.4
2016-04-18,39.74
2016-04-19,40.88
2016-04-20,42.72
2016-04-21,43.18
2016-04-22,42.76
2016-04-25,41.67
2016-04-26,42.52
2016-04-27,45.29
2016-04-28,46.03
2016-04-29,45.98
2016-05-02,44.75
2016-05-03,43.65
2016-05-04,43.77
2016-05-05,44.33
2016-05-06,44.58
2016-05-09,43.45
2016-05-10,44.68
2016-05-11,46.21
2016-05-12,46.64
2016-05-13,46.22
2016-05-16,47.72
2016-05-17,48.29
2016-05-18,48.12
2016-05-19,48.16
2016-05-20,47.67
2016-05-23,48.12
2016-05-24,48.04
2016-05-25,49.1
2016-05-26,49.0
2016-05-27,49.36
2016-05-30,
2016-05-31,49.1
2016-06-01,49.07
2016-06-02,49.14
2016-06-03,48.69
2016-06-06,49.71
2016-06-07,50.37
2016-06-08,51.23
2016-06-09,50.52
2016-06-10,49.09
2016-06-13,48.89
2016-06-14,48.49
2016-06-15,47.92
2016-06-16,46.14
2016-06-17,48.0
2016-06-20,49.4
2016-06-21,48.95
2016-06-22,49.16
2016-06-23,49.34
2016-06-24,46.7
2016-06-27,45.8
2016-06-28,47.93
2016-06-29,49.85
2016-06-30,48.27
2016-07-01,49.02
2016-07-04,
2016-07-05,46.73
2016-07-06,47.37
2016-07-07,45.22
2016-07-08,45.37
2016-07-11,44.73
2016-07-12,46.82
2016-07-13,44.87
2016-07-14,45.64
2016-07-15,45.93
2016-07-18,45.23
2016-07-19,44.64
2016-07-20,44.96
2016-07-21,43.96
2016-07-22,43.41
2016-07-25,42.4
2016-07-26,42.16
2016-07-27,41.9
2016-07-28,41.13
2016-07-29,41.54
2016-08-01,40.05
2016-08-02,39.5
2016-08-03,40.8
2016-08-04,41.92
2016-08-05,41.83
2016-08-08,43.06
2016-08-09,42.78
2016-08-10,41.75
2016-08-11,43.51
2016-08-12,44.47
2016-08-15,45.72
2016-08-16,46.57
2016-08-17,46.81
2016-08-18,48.2
2016-08-19,48.48
2016-08-22,46.8
2016-08-23,47.54
2016-08-24,46.29
2016-08-25,46.97
2016-08-26,47.64
2016-08-29,46.97
2016-08-30,46.32
2016-08-31,44.68
2016-09-01,43.17
2016-09-02,44.39
2016-09-05,
2016-09-06,44.85
2016-09-07,45.47
2016-09-08,47.63
2016-09-09,45.88
2016-09-12,46.28
2016-09-13,44.91
2016-09-14,43.62
2016-09-15,43.85
2016-09-16,43.04
2016-09-19,43.34
2016-09-20,43.85
2016-09-21,45.33
2016-09-22,46.1
2016-09-23,44.36
2016-09-26,45.6
2016-09-27,44.65
2016-09-28,47.07
2016-09-29,47.72
2016-09-30,47.72
2016-10-03,48.8
2016-10-04,48.67
2016-10-05,49.75
2016-10-06,50.44
2016-10-07,49.76
2016-10-10,49.76
2016-10-11,50.72
2016-10-12,50.14
2016-10-13,50.47
2016-10-14,50.35
2016-10-17,49.97
2016-10-18,50.3
2016-10-19,51.59
2016-10-20,50.31
2016-10-21,50.61
2016-10-24,50.18
2016-10-25,49.45
2016-10-26,48.75
2016-10-27,49.71
2016-10-28,48.72
2016-10-31,46.83
2016-11-01,46.66
2016-11-02,45.32
2016-11-03,44.66
2016-11-04,44.07
2016-11-07,44.88
2016-11-08,44.96
2016-11-09,45.2
2016-11-10,44.62
2016-11-11,43.39
2016-11-14,43.29
2016-11-15,45.86
2016-11-16,45.56
2016-11-17,45.37
2016-11-18,45.69
2016-11-21,47.48
2016-11-22,48.07
2016-11-23,46.72
2016-11-24,
2016-11-25,46.72
2016-11-28,45.66
2016-11-29,45.29
2016-11-30,49.41
2016-12-01,51.08
2016-12-02,51.7
2016-12-05,51.72
2016-12-06,50.95
2016-12-07,49.85
2016-12-08,50.84
2016-12-09,51.51
2016-12-12,52.74
2016-12-13,52.99
2016-12-14,51.01
2016-12-15,50.9
2016-12-16,51.93
2016-12-19,52.13
2016-12-20,52.22
2016-12-21,51.44
2016-12-22,51.98
2016-12-23,52.01
2016-12-26,
2016-12-27,52.82
2016-12-28,54.01
2016-12-29,53.8
2016-12-30,53.75
2017-01-02,
2017-01-03,52.36
2017-01-04,53.26
2017-01-05,53.77
2017-01-06,53.98
2017-01-09,51.95
2017-01-10,50.82
2017-01-11,52.19
2017-01-12,53.01
2017-01-13,52.36
2017-01-16,
2017-01-17,52.45
2017-01-18,51.12
2017-01-19,51.39
2017-01-20,52.33
2017-01-23,52.77
2017-01-24,52.38
2017-01-25,52.14
2017-01-26,53.24
2017-01-27,53.18
2017-01-30,52.63
2017-01-31,52.75
2017-02-01,53.9
2017-02-02,53.55
2017-02-03,53.81
2017-02-06,53.01
2017-02-07,52.19
2017-02-08,52.37
2017-02-09,52.99
2017-02-10,53.84
2017-02-13,52.96
2017-02-14,53.21
2017-02-15,53.11
2017-02-16,53.41
2017-02-17,53.41
2017-02-20,
2017-02-21,54.02
2017-02-22,53.61
2017-02-23,54.48
2017-02-24,53.99
2017-02-27,54.04
2017-02-28,54.0
2017-03-01,53.82
2017-03-02,52.63
2017-03-03,53.33
2017-03-06,53.19
2017-03-07,52.68
2017-03-08,49.83
2017-03-09,48.75
2017-03-10,48.05
2017-03-13,47.95
2017-03-14,47.24
2017-03-15,48.34
2017-03-16,48.3
2017-03-17,48.34
2017-03-20,47.79
2017-03-21,47.02
2017-03-22,47.29
2017-03-23,47.0
2017-03-24,47.3
2017-03-27,47.02
2017-03-28,48.36
2017-03-29,49.47
2017-03-30,50.3
2017-03-31,50.54
2017-04-03,50.25
2017-04-04,50.99
2017-04-05,51.14
2017-04-06,51.69
2017-04-07,52.25
2017-04-10,53.06
2017-04-11,53.38
2017-04-12,53.12
2017-04-13,53.19
2017-04-14,
2017-04-17,52.62
2017-04-18,52.46
2017-04-19,50.49
2017-04-20,50.26
2017-04-21,49.64
2017-04-24,48.9
2017-04-25,49.22
2017-04-26,49.22
2017-04-27,48.96
2017-04-28,49.31
2017-05-01,48.83
2017-05-02,47.65
2017-05-03,47.79
2017-05-04,45.55
2017-05-05,46.23
2017-05-08,46.46
2017-05-09,45.84
2017-05-10,47.28
2017-05-11,47.81
2017-05-12,47.83
2017-05-15,48.86
2017-05-16,48.64
2017-05-17,49.04
2017-05-18,49.36
2017-05-19,50.32
2017-05-22,50.81
2017-05-23,51.12
2017-05-24,50.99
2017-05-25,48.57
2017-05-26,49.58
2017-05-29,
2017-05-30,49.63
2017-05-31,48.29
2017-06-01,48.32
2017-06-02,47.68
2017-06-05,47.4
2017-06-06,48.13
2017-06-07,45.8
2017-06-08,45.68
2017-06-09,45.82
2017-06-12,46.1
2017-06-13,46.41
2017-06-14,44.79
2017-06-15,44.47
2017-06-16,44.73
2017-06-19,44.24
2017-06-20,43.34
2017-06-21,42.48
2017-06-22,42.53
2017-06-23,42.86
2017-06-26,43.24
2017-06-27,44.25
2017-06-28,44.74
2017-06-29,44.88
2017-06-30,46.02
2017-07-03,
2017-07-04,
2017-07-05,45.11
2017-07-06,45.52
2017-07-07,44.25
2017-07-10,44.4
2017-07-11,45.06
2017-07-12,45.48
2017-07-13,46.06
2017-07-14,46.53
2017-07-17,46.02
2017-07-18,46.4
2017-07-19,47.1
2017-07-20,46.73
2017-07-21,45.78
2017-07-24,46.21
2017-07-25,47.77
2017-07-26,48.58
2017-07-27,49.05
2017-07-28,49.72
2017-07-31,50.21
2017-08-01,49.19
2017-08-02,49.6
2017-08-03,49.03
2017-08-04,49.57
2017-08-07,49.37
2017-08-08,49.07
2017-08-09,49.59
2017-08-10,48.54
2017-08-11,48.81
2017-08-14,47.59
2017-08-15,47.57
2017-08-16,46.8
2017-08-17,47.07
2017-08-18,48.59
2017-08-21,47.39
2017-08-22,47.65
2017-08-23,48.45
2017-08-24,47.24
2017-08-25,47.65
2017-08-28,46.4
2017-08-29,46.46
2017-08-30,45.96
2017-08-31,47.26
2017-09-01,47.32
2017-09-04,
2017-09-05,48.63
2017-09-06,49.13
2017-09-07,49.1
2017-09-08,47.44
2017-09-11,48.06
2017-09-12,48.21
2017-09-13,49.3
2017-09-14,49.86
2017-09-15,49.9
2017-09-18,49.88
2017-09-19,49.54
2017-09-20,50.29
2017-09-21,50.58
2017-09-22,50.33
2017-09-25,51.85
2017-09-26,51.59
2017-09-27,52.14
2017-09-28,51.62
2017-09-29,51.67
2017-10-02,50.59
2017-10-03,50.44
2017-10-04,50.0
2017-10-05,50.79
2017-10-06,49.34
2017-10-09,49.58
2017-10-10,50.93
2017-10-11,51.3
2017-10-12,50.61
2017-10-13,51.43
2017-10-16,51.86
2017-10-17,51.87
2017-10-18,52.05
2017-10-19,51.29
2017-10-20,51.63
2017-10-23,51.91
2017-10-24,52.32
2017-10-25,51.97
2017-10-26,52.41
2017-10-27,53.92
2017-10-30,54.11
2017-10-31,54.36
2017-11-01,54.32
2017-11-02,54.55
2017-11-03,55.63
2017-11-06,57.34
2017-11-07,57.19
2017-11-08,56.82
2017-11-09,57.16
2017-11-10,56.75
2017-11-13,56.77
2017-11-14,55.67
2017-11-15,55.28
2017-11-16,55.14
2017-11-17,56.21
2017-11-20,56.21
2017-11-21,56.84
2017-11-22,57.88
2017-11-23,
2017-11-24,58.94
2017-11-27,58.1
2017-11-28,57.96
2017-11-29,57.25
2017-11-30,57.4
2017-12-01,58.35
2017-12-04,57.48
2017-12-05,57.66
2017-12-06,55.79
2017-12-07,56.5
2017-12-08,57.15
2017-12-11,57.84
2017-12-12,57.12
2017-12-13,56.59
2017-12-14,57.0
2017-12-15,57.29
2017-12-18,57.17
2017-12-19,57.49
2017-12-20,58.09
2017-12-21,58.34
2017-12-22,58.25
2017-12-25,
2017-12-26,59.55
2017-12-27,59.67
2017-12-28,59.84
2017-12-29,60.46
2018-01-01,
2018-01-02,60.37
2018-01-03,61.61
2018-01-04,61.98
2018-01-05,61.49
2018-01-08,61.73
2018-01-09,62.92
2018-01-10,63.6
2018-01-11,63.81
2018-01-12,64.22
2018-01-15,
2018-01-16,63.82
2018-01-17,63.92
2018-01-18,63.96
2018-01-19,63.38
2018-01-22,63.66
2018-01-23,64.45
2018-01-24,65.69
2018-01-25,65.62
2018-01-26,66.27
2018-01-29,65.71
2018-01-30,64.64
2018-01-31,64.82
2018-02-01,65.92
2018-02-02,65.5
2018-02-05,64.18
2018-02-06,63.48
2018-02-07,61.91
2018-02-08,61.3
2018-02-09,59.2
2018-02-12,59.41
2018-02-13,59.33
2018-02-14,60.7
2018-02-15,61.48
2018-02-16,61.89
2018-02-19,
2018-02-20,61.91
2018-02-21,61.73
2018-02-22,62.72
2018-02-23,63.52
2018-02-26,63.81
2018-02-27,62.94
2018-02-28,61.43
2018-03-01,60.98
2018-03-02,61.19
2018-03-05,62.49
2018-03-06,62.54
2018-03-07,61.09
2018-03-08,60.13
2018-03-09,62.02
2018-03-12,61.35
2018-03-13,60.69
2018-03-14,60.89
2018-03-15,61.16
2018-03-16,62.29
2018-03-19,62.01
2018-03-20,63.37
2018-03-21,65.1
2018-03-22,64.25
2018-03-23,65.8
2018-03-26,65.49
2018-03-27,65.21
2018-03-28,64.3
2018-03-29,64.87
2018-03-30,
2018-04-02,63.05
2018-04-03,63.41
2018-04-04,63.35
2018-04-05,63.53
2018-04-06,62.03
2018-04-09,63.4
2018-04-10,65.48
2018-04-11,66.81
2018-04-12,67.07
2018-04-13,67.35
2018-04-16,66.23
2018-04-17,66.5
2018-04-18,68.44
2018-04-19,68.3
2018-04-20,68.26
2018-04-23,67.61
2018-04-24,67.66
2018-04-25,68.0
2018-04-26,68.18
2018-04-27,68.11
2018-04-30,68.56
2018-05-01,67.28
2018-05-02,67.91
2018-05-03,68.45
2018-05-04,69.71
2018-05-07,70.74
2018-05-08,68.83
2018-05-09,71.16
2018-05-10,71.36
2018-05-11,70.69
2018-05-14,71.01
2018-05-15,71.34
2018-05-16,71.43
2018-05-17,71.47
2018-05-18,71.23
2018-05-21,72.26
2018-05-22,72.09
2018-05-23,71.85
2018-05-24,70.77
2018-05-25,67.92
2018-05-28,
2018-05-29,66.8
2018-05-30,68.24
2018-05-31,66.98
2018-06-01,65.81
2018-06-04,64.76
2018-06-05,65.51
2018-06-06,64.75
2018-06-07,65.96
2018-06-08,65.77
2018-06-11,66.1
2018-06-12,66.38
2018-06-13,66.63
2018-06-14,66.91
2018-06-15,65.01
2018-06-18,65.91
2018-06-19,65.09
2018-06-20,65.92
2018-06-21,65.68
2018-06-22,69.02
2018-06-25,69.91
2018-06-26,75.23
2018-06-27,77.41
2018-06-28,73.45
2018-06-29,74.13
2018-07-02,73.89
2018-07-03,74.19
2018-07-04,
2018-07-05,73.05
2018-07-06,73.78
2018-07-09,73.93
2018-07-10,74.11
2018-07-11,70.47
2018-07-12,70.28
2018-07-13,71.03
2018-07-16,68.22
2018-07-17,68.03
2018-07-18,68.78
2018-07-19,69.42
2018-07-20,70.31
2018-07-23,67.9
2018-07-24,70.77
2018-07-25,71.13
2018-07-26,71.59
2018-07-27,68.66
2018-07-30,71.19
2018-07-31,69.88
2018-08-01,68.8
2018-08-02,68.95
2018-08-03,68.49
2018-08-06,69.01
2018-08-07,69.17
2018-08-08,66.92
2018-08-09,66.81
2018-08-10,67.61
2018-08-13,67.25
2018-08-14,67.04
2018-08-15,65.07
2018-08-16,65.44
2018-08-17,65.93
2018-08-20,66.5
2018-08-21,67.32
2018-08-22,67.85
2018-08-23,69.13
2018-08-24,69.71
2018-08-27,69.97
2018-08-28,68.54
2018-08-29,69.68
2018-08-30,70.25
2018-08-31,69.84
2018-09-03,
2018-09-04,69.82
2018-09-05,68.69
2018-09-06,67.81
2018-09-07,67.73
2018-09-10,67.55
2018-09-11,69.29
2018-09-12,70.37
2018-09-13,68.6
2018-09-14,68.98
2018-09-17,68.86
2018-09-18,69.87
2018-09-19,71.08
2018-09-20,70.77
2018-09-21,70.8
2018-09-24,73.23
2018-09-25,73.4
2018-09-26,72.22
2018-09-27,72.18
2018-09-28,73.16
2018-10-01,75.37
2018-10-02,75.16
2018-10-03,76.4
2018-10-04,74.44
2018-10-05,74.26
2018-10-08,74.27
2018-10-09,74.95
2018-10-10,73.18
2018-10-11,70.97
2018-10-12,71.41
2018-10-15,71.84
2018-10-16,71.93
2018-10-17,69.63
2018-10-18,68.63
2018-10-19,69.16
2018-10-22,69.25
2018-10-23,66.49
2018-10-24,66.56
2018-10-25,67.25
2018-10-26,67.58
2018-10-29,67.0
2018-10-30,66.18
2018-10-31,65.31
2018-11-01,63.67
2018-11-02,63.12
2018-11-05,63.12
2018-11-06,62.16
2018-11-07,61.69
2018-11-08,60.71
2018-11-09,60.19
2018-11-12,59.85
2018-11-13,55.63
2018-11-14,56.16
2018-11-15,56.45
2018-11-16,56.49
2018-11-19,57.16
2018-11-20,53.39
2018-11-21,54.41
2018-11-22,
2018-11-23,
2018-11-26,51.46
2018-11-27,51.31
2018-11-28,50.06
2018-11-29,51.46
2018-11-30,50.78
2018-12-03,52.98
2018-12-04,53.21
2018-12-05,52.64
2018-12-06,51.54
2018-12-07,52.76
2018-12-10,51.07
2018-12-11,51.65
2018-12-12,51.04
2018-12-13,52.69
2018-12-14,51.26
2018-12-17,49.8
2018-12-18,46.12
2018-12-19,47.96
2018-12-20,45.64
2018-12-21,45.38
2018-12-24,
2018-12-25,
2018-12-26,46.04
2018-12-27,44.48
2018-12-28,45.15
2018-12-31,
2019-01-01,
2019-01-02,46.31
2019-01-03,46.92
2019-01-04,47.76
2019-01-07,48.27
2019-01-08,49.58
2019-01-09,52.19
2019-01-10,52.42
2019-01-11,51.44
2019-01-14,50.31
2019-01-15,51.8
2019-01-16,52.08
2019-01-17,51.83
2019-01-18,53.6
2019-01-21,
2019-01-22,52.59
2019-01-23,52.44
2019-01-24,52.94
2019-01-25,53.53
2019-01-28,51.79
2019-01-29,53.07
2019-01-30,54.18
2019-01-31,53.84
2019-02-01,55.29
2019-02-04,54.57
2019-02-05,53.69
2019-02-06,53.94
2019-02-07,52.68
2019-02-08,52.75
2019-02-11,52.43
2019-02-12,53.14
2019-02-13,53.84
2019-02-14,54.4
2019-02-15,55.58
2019-02-18,
2019-02-19,56.12
2019-02-20,56.9
2019-02-21,56.95
2019-02-22,57.01
2019-02-25,55.32
2019-02-26,55.4
2019-02-27,56.92
2019-02-28,57.21
2019-03-01,55.76
2019-03-04,56.6
2019-03-05,56.55
2019-03-06,56.22
2019-03-07,56.6
2019-03-08,55.77
2019-03-11,56.79
2019-03-12,56.89
2019-03-13,58.27
2019-03-14,58.59
2019-03-15,58.51
2019-03-18,59.09
2019-03-19,59.12
2019-03-20,60.12
2019-03-21,59.98
2019-03-22,58.87
2019-03-25,58.71
2019-03-26,59.87
2019-03-27,59.39
2019-03-28,59.29
2019-03-29,60.19
2019-04-01,61.59
2019-04-02,62.53
2019-04-03,62.46
2019-04-04,62.12
2019-04-05,63.1
2019-04-08,64.37
2019-04-09,64.05
2019-04-10,64.62
2019-04-11,63.61
2019-04-12,63.86
2019-04-15,63.43
2019-04-16,64.01
2019-04-17,63.74
2019-04-18,64.02
2019-04-19,
2019-04-22,65.66
2019-04-23,66.24
2019-04-24,65.96
2019-04-25,65.23
2019-04-26,63.29
2019-04-29,63.39
2019-04-30,63.83
2019-05-01,63.55
2019-05-02,61.75
2019-05-03,61.98
2019-05-06,62.3
2019-05-07,61.41
2019-05-08,62.13
2019-05-09,61.58
2019-05-10,61.65
2019-05-13,60.97
2019-05-14,61.82
2019-05-15,62.03
2019-05-16,62.93
2019-05-17,62.77
2019-05-20,63.12
2019-05-21,63.02
2019-05-22,61.42
2019-05-23,57.65
2019-05-24,58.4
2019-05-27,
2019-05-28,58.91
2019-05-29,58.84
2019-05-30,56.47
2019-05-31,53.49
2019-06-03,53.25
2019-06-04,53.5
2019-06-05,51.57
2019-06-06,52.59
2019-06-07,53.95
2019-06-10,53.33
2019-06-11,53.3
2019-06-12,51.13
2019-06-13,52.38
2019-06-14,52.47
2019-06-17,51.94
2019-06-18,53.86
2019-06-19,53.74
2019-06-20,56.88
2019-06-21,57.35
2019-06-24,57.73
2019-06-25,57.63
2019-06-26,59.17
2019-06-27,59.18
2019-06-28,58.2
2019-07-01,58.91
2019-07-02,56.0
2019-07-03,57.06
2019-07-04,
2019-07-05,
2019-07-08,57.35
2019-07-09,57.57
2019-07-10,60.28
2019-07-11,59.93
2019-07-12,59.99
2019-07-15,59.3
2019-07-16,57.44
2019-07-17,56.5
2019-07-18,55.08
2019-07-19,55.42
2019-07-22,55.87
2019-07-23,56.58
2019-07-24,55.9
2019-07-25,55.88
2019-07-26,56.04
2019-07-29,56.85
2019-07-30,58.04
2019-07-31,58.53
2019-08-01,53.64
2019-08-02,55.67
2019-08-05,54.63
2019-08-06,53.6
2019-08-07,51.14
2019-08-08,52.6
2019-08-09,54.41
2019-08-12,54.98
2019-08-13,57.05
2019-08-14,55.16
2019-08-15,54.51
2019-08-16,54.83
2019-08-19,56.24
2019-08-20,56.18
2019-08-21,55.65
2019-08-22,55.33
2019-08-23,54.08
2019-08-26,53.54
2019-08-27,54.99
2019-08-28,55.76
2019-08-29,56.67
2019-08-30,55.07
2019-09-02,
2019-09-03,53.91
2019-09-04,56.22
2019-09-05,56.33
2019-09-06,56.45
2019-09-09,57.88
2019-09-10,57.37
2019-09-11,55.66
2019-09-12,55.13
2019-09-13,54.76
2019-09-16,63.1
2019-09-17,59.26
2019-09-18,58.19
2019-09-19,58.19
2019-09-20,57.92
2019-09-23,58.69
2019-09-24,57.22
2019-09-25,56.38
2019-09-26,56.24
2019-09-27,55.95
2019-09-30,54.09
2019-10-01,53.6
2019-10-02,52.67
2019-10-03,52.41
2019-10-04,52.84
2019-10-07,52.76
2019-10-08,52.64
2019-10-09,52.63
2019-10-10,53.57
2019-10-11,54.76
2019-10-14,53.57
2019-10-15,52.81
2019-10-16,53.42
2019-10-17,53.89
2019-10-18,53.75
2019-10-21,53.28
2019-10-22,54.21
2019-10-23,55.9
2019-10-24,56.11
2019-10-25,56.52
2019-10-28,55.6
2019-10-29,55.34
2019-10-30,54.85
2019-10-31,54.02
2019-11-01,56.04
2019-11-04,56.33
2019-11-05,57.04
2019-11-06,56.15
2019-11-07,56.91
2019-11-08,57.02
2019-11-11,
2019-11-12,56.67
2019-11-13,56.88
2019-11-14,56.57
2019-11-15,57.54
2019-11-18,56.82
2019-11-19,54.93
2019-11-20,56.71
2019-11-21,58.36
2019-11-22,57.68
2019-11-25,57.79
2019-11-26,58.25
2019-11-27,58.12
2019-11-28,
2019-11-29,58.12
2019-12-02,55.97
2019-12-03,56.15
2019-12-04,58.46
2019-12-05,58.42
2019-12-06,59.2
2019-12-09,58.99
2019-12-10,59.22
2019-12-11,58.74
2019-12-12,59.18
2019-12-13,60.11
2019-12-16,60.21
2019-12-17,60.88
2019-12-18,60.93
2019-12-19,61.3
2019-12-20,60.43
2019-12-23,60.51
2019-12-24,61.17
2019-12-25,
2019-12-26,61.72
2019-12-27,61.76
2019-12-30,61.66
2019-12-31,61.14
2020-01-01,
2020-01-02,61.17
2020-01-03,63.0
2020-01-06,63.27
2020-01-07,62.7
2020-01-08,59.65
2020-01-09,59.56
2020-01-10,59.02
2020-01-13,58.17
2020-01-14,58.34
2020-01-15,57.86
2020-01-16,58.52
2020-01-17,58.55
2020-01-20,
2020-01-21,58.25
2020-01-22,56.76
2020-01-23,55.51
2020-01-24,54.09
2020-01-27,53.09
2020-01-28,53.33
2020-01-29,53.29
2020-01-30,52.19
2020-01-31,51.58
2020-02-03,50.06
2020-02-04,49.59
2020-02-05,50.87
2020-02-06,50.94
2020-02-07,50.34
2020-02-10,49.59
2020-02-11,50.0
2020-02-12,51.13
2020-02-13,51.41
2020-02-14,52.03
2020-02-17,
2020-02-18,52.1
2020-02-19,53.31
2020-02-20,53.77
2020-02-21,53.36
2020-02-24,51.36
2020-02-25,49.78
2020-02-26,48.67
2020-02-27,47.17
2020-02-28,44.83
2020-03-02,46.78
2020-03-03,47.27
2020-03-04,46.78
2020-03-05,45.9
2020-03-06,41.14
2020-03-09,31.05
2020-03-10,34.47
2020-03-11,33.13
2020-03-12,31.56
2020-03-13,31.72
2020-03-16,28.96
2020-03-17,26.96
2020-03-18,20.48
2020-03-19,25.09
2020-03-20,19.48
2020-03-23,23.33
2020-03-24,21.03
2020-03-25,20.75
2020-03-26,16.6
2020-03-27,15.48
2020-03-30,14.1
2020-03-31,20.51
2020-04-01,20.28
2020-04-02,25.18
2020-04-03,28.36
2020-04-06,26.21
2020-04-07,23.54
2020-04-08,24.97
2020-04-09,22.9
2020-04-10,
2020-04-13,22.36
2020-04-14,20.15
2020-04-15,19.96
2020-04-16,19.82
2020-04-17,18.31
2020-04-20,-36.98
2020-04-21,8.91
2020-04-22,13.64
2020-04-23,15.06
2020-04-24,15.99
2020-04-27,12.17
2020-04-28,12.4
2020-04-29,15.04
2020-04-30,19.23
2020-05-01,19.72
2020-05-04,20.47
2020-05-05,24.56
2020-05-06,23.88
2020-05-07,23.68
2020-05-08,24.73
2020-05-11,24.02
2020-05-12,25.76
2020-05-13,25.37
2020-05-14,27.4
2020-05-15,29.44
2020-05-18,31.83
2020-05-19,32.3
2020-05-20,33.56
2020-05-21,34.3
2020-05-22,33.49
2020-05-25,
2020-05-26,34.7
2020-05-27,32.8
2020-05-28,33.67
2020-05-29,35.57
2020-06-01,35.49
2020-06-02,36.88
2020-06-03,37.33
2020-06-04,37.42
2020-06-05,39.49
2020-06-08,38.17
2020-06-09,38.98
2020-06-10,39.54
2020-06-11,36.43
2020-06-12,36.24
2020-06-15,37.07
2020-06-16,38.26
2020-06-17,37.91
2020-06-18,38.79
2020-06-19,39.72
2020-06-22,40.6
2020-06-23,40.4
2020-06-24,37.91
2020-06-25,38.66
2020-06-26,38.53
2020-06-29,39.67
2020-06-30,39.27
2020-07-01,39.88
2020-07-02,40.57
2020-07-03,
2020-07-06,40.51
2020-07-07,40.59
2020-07-08,40.91
2020-07-09,39.64
2020-07-10,40.56
2020-07-13,40.06
2020-07-14,40.3
2020-07-15,41.2
2020-07-16,40.74
2020-07-17,40.55
2020-07-20,40.83
2020-07-21,41.76
2020-07-22,41.88
2020-07-23,40.99
2020-07-24,41.23
2020-07-27,41.46
2020-07-28,40.89
2020-07-29,41.13
2020-07-30,39.85
2020-07-31,40.1
2020-08-03,40.83
2020-08-04,41.67
2020-08-05,42.25
2020-08-06,41.93
2020-08-07,41.16
2020-08-10,41.94
2020-08-11,41.53
2020-08-12,42.6
2020-08-13,42.26
2020-08-14,42.05
2020-08-17,42.89
2020-08-18,42.89
2020-08-19,42.91
2020-08-20,42.62
2020-08-21,42.32
2020-08-24,42.44
2020-08-25,43.17
2020-08-26,43.21
2020-08-27,42.88
2020-08-28,42.96
2020-08-31,42.61
2020-09-01,42.76
2020-09-02,42.76
2020-09-03,41.39
2020-09-04,39.69
2020-09-07,
2020-09-08,36.87
2020-09-09,38.05
2020-09-10,37.25
2020-09-11,37.33
2020-09-14,37.23
2020-09-15,38.29
2020-09-16,40.17
2020-09-17,40.99
2020-09-18,41.09
2020-09-21,39.26
2020-09-22,39.55
2020-09-23,39.92
2020-09-24,40.11
2020-09-25,40.06
2020-09-28,40.47
2020-09-29,39.03
2020-09-30,40.05
2020-10-01,38.51
2020-10-02,36.9
2020-10-05,39.12
2020-10-06,40.52
2020-10-07,39.82
2020-10-08,41.04
2020-10-09,40.44
2020-10-12,39.22
2020-10-13,40.03
2020-10-14,40.86
2020-10-15,40.84
2020-10-16,40.7
2020-10-19,40.69
2020-10-20,41.37
2020-10-21,39.88
2020-10-22,40.46
2020-10-23,39.73
2020-10-26,38.39
2020-10-27,39.34
2020-10-28,37.27
2020-10-29,35.94
2020-10-30,35.64
2020-11-02,36.6
2020-11-03,37.44
2020-11-04,38.97
2020-11-05,38.56
2020-11-06,36.97
2020-11-09,40.05
2020-11-10,41.18
2020-11-11,41.23
2020-11-12,40.9
2020-11-13,39.93
2020-11-16,41.14
2020-11-17,41.24
2020-11-18,41.64
2020-11-19,41.57
2020-11-20,41.99
2020-11-23,42.91
2020-11-24,44.71
2020-11-25,45.58
2020-11-26,
2020-11-27,
2020-11-30,45.2
2020-12-01,44.54
2020-12-02,45.23
2020-12-03,45.65
2020-12-04,46.23
2020-12-07,45.72
2020-12-08,45.64
2020-12-09,45.48
2020-12-10,46.76
2020-12-11,46.59
2020-12-14,47.02
2020-12-15,47.58
2020-12-16,47.86
2020-12-17,48.34
2020-12-18,49.04
2020-12-21,47.79
2020-12-22,47.02
2020-12-23,47.94
2020-12-24,48.18
2020-12-25,
2020-12-28,47.5
2020-12-29,47.85
2020-12-30,48.24
2020-12-31,48.35
2021-01-01,
2021-01-04,47.47
2021-01-05,49.78
2021-01-06,50.45
2021-01-07,50.63
2021-01-08,52.14
2021-01-11,52.15
2021-01-12,53.08
2021-01-13,52.81
2021-01-14,53.47
2021-01-15,52.25
2021-01-18,
2021-01-19,52.87
2021-01-20,53.16
2021-01-21,53.0
2021-01-22,52.28
2021-01-25,52.78
2021-01-26,52.61
2021-01-27,52.81
2021-01-28,52.26
2021-01-29,52.16
2021-02-01,53.55
2021-02-02,54.77
2021-02-03,55.67
2021-02-04,56.19
2021-02-05,56.8
2021-02-08,57.95
2021-02-09,58.34
2021-02-10,58.69
2021-02-11,58.22
2021-02-12,59.5
2021-02-15,
2021-02-16,60.07
2021-02-17,61.09
2021-02-18,60.4
2021-02-19,59.12
2021-02-22,61.67
2021-02-23,61.66
2021-02-24,63.21
2021-02-25,63.43
2021-02-26,61.55
2021-03-01,60.54
2021-03-02,59.7
2021-03-03,61.33
2021-03-04,63.81
2021-03-05,66.08
2021-03-08,65.03
2021-03-09,64.02
2021-03-10,64.45
2021-03-11,66.02
2021-03-12,65.59
2021-03-15,65.36
2021-03-16,64.82
2021-03-17,64.55
2021-03-18,59.95
2021-03-19,61.43
2021-03-22,61.48
2021-03-23,57.75
2021-03-24,61.12
2021-03-25,58.47
2021-03-26,60.93
2021-03-29,61.49
2021-03-30,60.55
2021-03-31,59.19
2021-04-01,61.41
2021-04-02,
2021-04-05,58.73
2021-04-06,59.34
2021-04-07,59.77
2021-04-08,59.61
2021-04-09,59.29
2021-04-12,59.7
2021-04-13,60.2
2021-04-14,63.15
2021-04-15,63.42
2021-04-16,63.16
2021-04-19,63.33
2021-04-20,62.61
2021-04-21,61.34
2021-04-22,61.45
2021-04-23,62.18
2021-04-26,62.02
2021-04-27,63.03
2021-04-28,63.81
2021-04-29,65.0
2021-04-30,63.5
2021-05-03,64.46
2021-05-04,65.72
2021-05-05,65.63
2021-05-06,64.73
2021-05-07,64.96
2021-05-10,64.92
2021-05-11,65.31
2021-05-12,65.96
2021-05-13,63.82
2021-05-14,65.32
2021-05-17,66.24
2021-05-18,65.49
2021-05-19,63.28
2021-05-20,61.95
2021-05-21,63.61
2021-05-24,66.13
2021-05-25,66.27
2021-05-26,66.41
2021-05-27,66.87
2021-05-28,66.31
2021-05-31,
2021-06-01,67.8
2021-06-02,68.79
2021-06-03,68.81
2021-06-04,69.57
2021-06-07,69.21
2021-06-08,70.11
2021-06-09,69.9
2021-06-10,70.34
2021-06-11,71.0
2021-06-14,70.94
2021-06-15,72.06
2021-06-16,72.03
2021-06-17,71.06
2021-06-18,71.64
2021-06-21,73.64
2021-06-22,73.15
2021-06-23,73.11
2021-06-24,73.31
2021-06-25,74.21
2021-06-28,72.98
2021-06-29,73.14
2021-06-30,73.52
2021-07-01,75.33
2021-07-02,75.37
2021-07-05,
2021-07-06,73.62
2021-07-07,72.22
2021-07-08,72.98
2021-07-09,74.56
2021-07-12,74.21
2021-07-13,75.24
2021-07-14,73.06
2021-07-15,71.67
2021-07-16,71.76
2021-07-19,66.45
2021-07-20,67.32
2021-07-21,70.26
2021-07-22,72.15
2021-07-23,72.24
2021-07-26,72.15
2021-07-27,71.68
2021-07-28,72.37
2021-07-29,73.62
2021-07-30,73.93
2021-08-02,71.31
2021-08-03,70.64
2021-08-04,68.19
2021-08-05,69.1
2021-08-06,68.26
2021-08-09,66.56
2021-08-10,68.33
2021-08-11,69.3
2021-08-12,69.12
2021-08-13,68.36
2021-08-16,67.44
2021-08-17,66.5
2021-08-18,65.36
2021-08-19,63.69
2021-08-20,62.25
2021-08-23,65.65
2021-08-24,67.5
2021-08-25,68.54
2021-08-26,67.42
2021-08-27,68.84
2021-08-30,69.28
2021-08-31,68.43
2021-09-01,68.63
2021-09-02,70.07
2021-09-03,69.34
2021-09-06,
2021-09-07,68.49
2021-09-08,69.36
2021-09-09,68.26
2021-09-10,69.82
2021-09-13,70.54
2021-09-14,70.53
2021-09-15,72.59
2021-09-16,72.69
2021-09-17,72.09
2021-09-20,70.41
2021-09-21,70.51
2021-09-22,72.37
2021-09-23,73.43
2021-09-24,74.18
2021-09-27,75.54
2021-09-28,75.44
2021-09-29,75.06
2021-09-30,75.22
2021-10-01,76.01
2021-10-04,77.68
2021-10-05,79.17
2021-10-06,77.66
2021-10-07,78.46
2021-10-08,79.55
2021-10-11,80.64
2021-10-12,80.75
2021-10-13,80.67
2021-10-14,81.43
2021-10-15,82.39
2021-10-18,82.62
2021-10-19,83.19
2021-10-20,84.4
2021-10-21,82.64
2021-10-22,84.53
2021-10-25,84.64
2021-10-26,85.64
2021-10-27,82.66
2021-10-28,82.78
2021-10-29,83.5
2021-11-01,84.08
2021-11-02,83.91
2021-11-03,80.82
2021-11-04,78.88
2021-11-05,81.25
2021-11-08,81.96
2021-11-09,84.12
2021-11-10,81.23
2021-11-11,81.47
2021-11-12,80.87
2021-11-15,80.85
2021-11-16,80.76
2021-11-17,78.32
2021-11-18,78.92
2021-11-19,76.11
2021-11-22,76.74
2021-11-23,78.32
2021-11-24,78.32
2021-11-25,
2021-11-26,
2021-11-29,69.88
2021-11-30,66.14
2021-12-01,65.44
2021-12-02,66.6
2021-12-03,66.39
2021-12-06,69.62
2021-12-07,71.94
2021-12-08,72.43
2021-12-09,70.87
2021-12-10,71.71
2021-12-13,71.19
2021-12-14,70.57
2021-12-15,70.89
2021-12-16,72.34
2021-12-17,70.93
2021-12-20,68.69
2021-12-21,71.1
2021-12-22,72.82
2021-12-23,73.89
2021-12-24,
2021-12-27,75.49
2021-12-28,76.01
2021-12-29,76.58
2021-12-30,76.83
2021-12-31,75.33
2022-01-03,75.99
2022-01-04,77.0
2022-01-05,77.83
2022-01-06,79.47
2022-01-07,79.0
2022-01-10,78.11
2022-01-11,81.17
2022-01-12,82.51
2022-01-13,81.97
2022-01-14,83.82
2022-01-17,
2022-01-18,85.42
2022-01-19,86.84
2022-01-20,86.29
2022-01-21,85.16
2022-01-24,84.48
2022-01-25,86.61
2022-01-26,88.33
2022-01-27,87.61
2022-01-28,87.67
2022-01-31,89.16
2022-02-01,88.22
2022-02-02,88.16
2022-02-03,90.17
2022-02-04,92.27
2022-02-07,91.25
2022-02-08,89.32
2022-02-09,89.57
2022-02-10,89.83
2022-02-11,93.1
2022-02-14,95.52
2022-02-15,92.07
2022-02-16,93.83
2022-02-17,91.78
2022-02-18,91.26
2022-02-21,
2022-02-22,92.11
2022-02-23,92.14
2022-02-24,92.77
2022-02-25,91.68
2022-02-28,96.13
2022-03-01,103.66
2022-03-02,110.74
2022-03-03,107.69
2022-03-04,115.77
2022-03-07,119.26
2022-03-08,123.64
2022-03-09,108.81
2022-03-10,105.93
2022-03-11,109.31
2022-03-14,103.22
2022-03-15,96.42
2022-03-16,94.85
2022-03-17,102.97
2022-03-18,104.69
2022-03-21,112.14
2022-03-22,111.03
2022-03-23,114.89
2022-03-24,114.2
2022-03-25,116.2
2022-03-28,107.55
2022-03-29,104.25
2022-03-30,107.81
2022-03-31,100.53
2022-04-01,99.32
2022-04-04,103.29
2022-04-05,101.98
2022-04-06,96.39
2022-04-07,96.05
2022-04-08,98.35
2022-04-11,94.22
2022-04-12,100.52
2022-04-13,104.26
2022-04-14,106.84
2022-04-15,
2022-04-18,108.24
2022-04-19,102.54
2022-04-20,102.56
2022-04-21,103.89
2022-04-22,102.86
2022-04-25,99.6
2022-04-26,102.62
2022-04-27,101.96
2022-04-28,105.47
2022-04-29,104.59
2022-05-02,105.18
2022-05-03,102.53
2022-05-04,107.84
2022-05-05,108.17
2022-05-06,109.72
2022-05-09,103.08
2022-05-10,99.74
2022-05-11,105.5
2022-05-12,106.15
2022-05-13,110.52
2022-05-16,114.07
2022-05-17,112.31
2022-05-18,109.67
2022-05-19,112.21
2022-05-20,112.63
2022-05-23,110.32
2022-05-24,112.55
2022-05-25,112.88
2022-05-26,116.19
2022-05-27,114.96
2022-05-30,
2022-05-31,114.38
2022-06-01,115.26
2022-06-02,116.88
2022-06-03,118.97
2022-06-06,118.41
2022-06-07,119.55
2022-06-08,121.94
2022-06-09,121.52
2022-06-10,120.73
2022-06-13,120.92
2022-06-14,118.92
2022-06-15,115.32
2022-06-16,117.56
2022-06-17,109.56
2022-06-20,
2022-06-21,110.49
2022-06-22,106.22
2022-06-23,105.75
2022-06-24,109.07
2022-06-27,111.44
2022-06-28,113.66
2022-06-29,111.65
2022-06-30,107.76
2022-07-01,110.3
2022-07-04,
2022-07-05,101.55
2022-07-06,100.31
2022-07-07,104.62
2022-07-08,106.78
2022-07-11,106.09
2022-07-12,97.69
2022-07-13,98.44
2022-07-14,97.79
2022-07-15,99.59
2022-07-18,104.48
2022-07-19,106.12
2022-07-20,104.45
2022-07-21,98.44
2022-07-22,97.71
2022-07-25,99.83
2022-07-26,97.74
2022-07-27,100.03
2022-07-28,99.11
2022-07-29,101.31
2022-08-01,96.59
2022-08-02,97.14
2022-08-03,93.25
2022-08-04,91.29
2022-08-05,91.77
2022-08-08,93.52
2022-08-09,93.18
2022-08-10,94.68
2022-08-11,97.02
2022-08-12,94.86
2022-08-15,92.24
2022-08-16,89.23
2022-08-17,90.85
2022-08-18,93.2
2022-08-19,93.55
2022-08-22,93.42
2022-08-23,96.46
2022-08-24,95.52
2022-08-25,93.33
2022-08-26,93.63
2022-08-29,97.4
2022-08-30,92.08
2022-08-31,90.09
2022-09-01,87.09
2022-09-02,87.29
2022-09-05,
2022-09-06,87.35
2022-09-07,82.5
2022-09-08,84.04
2022-09-09,87.27
2022-09-12,88.18
2022-09-13,87.84
2022-09-14,88.88
2022-09-15,85.72
2022-09-16,85.57
2022-09-19,86.15
2022-09-20,84.69
2022-09-21,83.38
2022-09-22,84.02
2022-09-23,79.07
2022-09-26,77.17
2022-09-27,78.91
2022-09-28,82.61
2022-09-29,81.78
2022-09-30,79.91
2022-10-03,84.05
2022-10-04,86.87
2022-10-05,88.22
2022-10-06,88.9
2022-10-07,93.07
2022-10-10,91.6
2022-10-11,89.75
2022-10-12,87.83
2022-10-13,89.59
2022-10-14,86.1
2022-10-17,86.0
2022-10-18,83.29
2022-10-19,86.0
2022-10-20,86.02
2022-10-21,85.47
2022-10-24,86.12
2022-10-25,86.93
2022-10-26,89.39
2022-10-27,89.06
2022-10-28,87.85
2022-10-31,86.54
2022-11-01,88.36
2022-11-02,90.06
2022-11-03,88.14
2022-11-04,92.58
2022-11-07,91.8
2022-11-08,88.8
2022-11-09,85.79
2022-11-10,86.52
2022-11-11,89.14
2022-11-14,85.85
2022-11-15,86.87
2022-11-16,85.62
2022-11-17,81.69
2022-11-18,80.07
2022-11-21,79.74
2022-11-22,80.83
2022-11-23,77.93
2022-11-24,
2022-11-25,76.45
2022-11-28,77.1
2022-11-29,77.96
2022-11-30,80.48
2022-12-01,81.06
2022-12-02,79.86
2022-12-05,76.83
2022-12-06,74.21
2022-12-07,71.93
2022-12-08,71.3
2022-12-09,71.05
2022-12-12,72.96
2022-12-13,75.44
2022-12-14,77.14
2022-12-15,75.89
2022-12-16,74.19
2022-12-19,75.05
2022-12-20,75.92
2022-12-21,78.17
2022-12-22,77.68
2022-12-23,79.57
2022-12-26,
2022-12-27,79.45
2022-12-28,78.89
2022-12-29,78.43
2022-12-30,80.16
2023-01-02,
2023-01-03,76.87
2023-01-04,72.82
2023-01-05,73.61
2023-01-06,73.77
2023-01-09,74.69
2023-01-10,75.11
2023-01-11,77.46
2023-01-12,78.32
2023-01-13,79.9
2023-01-16,
2023-01-17,80.25
2023-01-18,79.53
2023-01-19,80.31
2023-01-20,81.27
2023-01-23,81.62
2023-01-24,79.86
2023-01-25,79.78
2023-01-26,80.64
2023-01-27,79.73
2023-01-30,77.97
2023-01-31,78.95
2023-02-01,76.34
2023-02-02,75.87
2023-02-03,73.4
2023-02-06,74.11
2023-02-07,77.17
2023-02-08,78.47
2023-02-09,78.04
2023-02-10,79.74
2023-02-13,80.14
2023-02-14,79.08
2023-02-15,78.57
2023-02-16,78.45
2023-02-17,76.31
2023-02-20,
2023-02-21,76.28
2023-02-22,73.95
2023-02-23,75.26
2023-02-24,76.19
2023-02-27,75.57
2023-02-28,76.88
2023-03-01,77.57
2023-03-02,78.05
2023-03-03,79.62
2023-03-06,80.39
2023-03-07,77.45
2023-03-08,76.56
2023-03-09,75.6
2023-03-10,76.55
2023-03-13,74.68
2023-03-14,71.18
2023-03-15,67.38
2023-03-16,68.15
2023-03-17,66.61
2023-03-20,67.56
2023-03-21,69.4
2023-03-22,70.71
2023-03-23,69.77
2023-03-24,69.22
2023-03-27,72.87
2023-03-28,73.12
2023-03-29,72.95
2023-03-30,74.32
2023-03-31,75.68
2023-04-03,80.4
2023-04-04,80.7
2023-04-05,80.69
2023-04-06,80.7
2023-04-07,
2023-04-10,79.79
2023-04-11,81.54
2023-04-12,83.26
2023-04-13,82.16
2023-04-14,82.58
2023-04-17,80.93
2023-04-18,80.85
2023-04-19,79.18
2023-04-20,77.27
2023-04-21,77.86
2023-04-24,78.64
2023-04-25,77.05
2023-04-26,74.33
2023-04-27,74.77
2023-04-28,76.78
2023-05-01,75.65
2023-05-02,71.71
2023-05-03,68.62
2023-05-04,68.52
2023-05-05,71.32
2023-05-08,73.13
2023-05-09,73.68
2023-05-10,72.53
2023-05-11,70.81
2023-05-12,70.02
2023-05-15,71.07
2023-05-16,70.85
2023-05-17,72.78
2023-05-18,71.82
2023-05-19,71.57
2023-05-22,71.81
2023-05-23,72.87
2023-05-24,74.37
2023-05-25,71.68
2023-05-26,72.35
2023-05-29,
2023-05-30,69.45
2023-05-31,68.11
2023-06-01,70.09
2023-06-02,71.76
2023-06-05,72.14
2023-06-06,71.71
2023-06-07,72.52
2023-06-08,71.28
2023-06-09,70.16
2023-06-12,67.08
2023-06-13,69.39
2023-06-14,68.22
2023-06-15,70.61
2023-06-16,71.81
2023-06-19,
2023-06-20,70.94
2023-06-21,72.55
2023-06-22,69.22
2023-06-23,68.91
2023-06-26,69.09
2023-06-27,67.68
2023-06-28,69.54
2023-06-29,69.85
2023-06-30,70.66
2023-07-03,69.71
2023-07-04,
2023-07-05,71.78
2023-07-06,71.76
2023-07-07,73.91
2023-07-10,73.05
2023-07-11,74.87
2023-07-12,75.77
2023-07-13,76.86
2023-07-14,75.44
2023-07-17,74.17
2023-07-18,75.76
2023-07-19,75.4
2023-07-20,75.65
2023-07-21,77.06
2023-07-24,78.81
2023-07-25,79.76
2023-07-26,79.11
2023-07-27,80.17
2023-07-28,80.55
2023-07-31,81.8
2023-08-01,81.37
2023-08-02,79.5
2023-08-03,81.56
2023-08-04,82.76
2023-08-07,81.94
2023-08-08,82.94
2023-08-09,84.35
2023-08-10,82.81
2023-08-11,83.17
2023-08-14,82.5
2023-08-15,81.06
2023-08-16,79.4
2023-08-17,80.43
2023-08-18,81.25
2023-08-21,80.71
2023-08-22,80.25
2023-08-23,78.91
2023-08-24,79.52
2023-08-25,80.47
2023-08-28,80.65
2023-08-29,81.14
2023-08-30,81.64
2023-08-31,83.55
2023-09-01,85.52
2023-09-04,
2023-09-05,86.74
2023-09-06,87.55
2023-09-07,86.87
2023-09-08,87.51
2023-09-11,87.3
2023-09-12,88.87
2023-09-13,88.59
2023-09-14,90.13
2023-09-15,90.83
2023-09-18,91.47
2023-09-19,91.16
2023-09-20,89.2
2023-09-21,89.56
2023-09-22,90.0
2023-09-25,89.68
2023-09-26,91.43
2023-09-27,93.67
2023-09-28,91.65
2023-09-29,90.77
2023-10-02,88.81
2023-10-03,89.26
2023-10-04,84.32
2023-10-05,82.3
2023-10-06,82.83
2023-10-09,
2023-10-10,85.89
2023-10-11,83.7
2023-10-12,82.87
2023-10-13,87.67
2023-10-16,86.65
2023-10-17,86.66
2023-10-18,88.35
2023-10-19,89.35
2023-10-20,89.12
2023-10-23,85.49
2023-10-24,84.58
2023-10-25,86.07
2023-10-26,83.8
2023-10-27,86.04
2023-10-30,83.03
2023-10-31,81.64
2023-11-01,81.05
2023-11-02,83.04
2023-11-03,81.19
2023-11-06,81.54
2023-11-07,77.96
2023-11-08,75.85
2023-11-09,76.34
2023-11-10,
2023-11-13,78.86
2023-11-14,78.9
2023-11-15,77.15
2023-11-16,73.5
2023-11-17,76.47
2023-11-20,78.1
2023-11-21,78.35
2023-11-22,76.8
2023-11-23,
2023-11-24,74.83
2023-11-27,74.46
2023-11-28,76.09
2023-11-29,77.56
2023-11-30,75.66
2023-12-01,73.7
2023-12-04,72.73
2023-12-05,71.95
2023-12-06,68.98
2023-12-07,69.0
2023-12-08,70.87
2023-12-11,70.95
2023-12-12,68.27
2023-12-13,69.09
2023-12-14,71.21
2023-12-15,71.05
2023-12-18,72.16
2023-12-19,73.23
2023-12-20,73.87
2023-12-21,73.59
2023-12-22,73.29
2023-12-25,
2023-12-26,75.84
